{
  "A_erfm_s42": {
    "cfg": "A_erfm",
    "seed": 42,
    "cost": 373510.76044160407,
    "aocc": 0.9474322352079979,
    "rp": 3,
    "hits": 0,
    "tb": 1236,
    "hr": 0.0,
    "ms": 0.32469844818115234,
    "th": 0.25,
    "el": 61.4
  },
  "B_erfm_sadgwn_s42": {
    "cfg": "B_erfm_sadgwn",
    "seed": 42,
    "cost": 388455.6170719294,
    "aocc": 0.9474322352079979,
    "rp": 3,
    "hits": 3,
    "tb": 1236,
    "hr": 0.0024271844660194173,
    "ms": 0.32469844818115234,
    "th": 0.25,
    "el": 56.0
  },
  "C_erfm_2opt_s42": {
    "cfg": "C_erfm_2opt",
    "seed": 42,
    "cost": 258592.36660653632,
    "aocc": 0.9474322352079979,
    "rp": 3,
    "hits": 0,
    "tb": 1236,
    "hr": 0.0,
    "ms": 0.32469844818115234,
    "th": 0.25,
    "el": 56.6
  },
  "D_full_s42": {
    "cfg": "D_full",
    "seed": 42,
    "cost": 263343.89111978095,
    "aocc": 0.9474322352079979,
    "rp": 3,
    "hits": 3,
    "tb": 1236,
    "hr": 0.0024271844660194173,
    "ms": 0.32469844818115234,
    "th": 0.25,
    "el": 56.4
  },
  "A_erfm_s123": {
    "cfg": "A_erfm",
    "seed": 123,
    "cost": 404344.1562336115,
    "aocc": 0.9617443101590205,
    "rp": 3,
    "hits": 0,
    "tb": 1104,
    "hr": 0.0,
    "ms": 0.3375633160273234,
    "th": 0.25,
    "el": 54.1
  },
  "B_erfm_sadgwn_s123": {
    "cfg": "B_erfm_sadgwn",
    "seed": 123,
    "cost": 399172.927359405,
    "aocc": 0.9617443101590205,
    "rp": 3,
    "hits": 3,
    "tb": 1104,
    "hr": 0.002717391304347826,
    "ms": 0.3375633160273234,
    "th": 0.25,
    "el": 54.0
  },
  "C_erfm_2opt_s123": {
    "cfg": "C_erfm_2opt",
    "seed": 123,
    "cost": 253040.38654977363,
    "aocc": 0.9617443101590205,
    "rp": 3,
    "hits": 0,
    "tb": 1104,
    "hr": 0.0,
    "ms": 0.3375633160273234,
    "th": 0.25,
    "el": 55.5
  },
  "D_full_s123": {
    "cfg": "D_full",
    "seed": 123,
    "cost": 253572.77881127875,
    "aocc": 0.9617443101590205,
    "rp": 3,
    "hits": 3,
    "tb": 1104,
    "hr": 0.002717391304347826,
    "ms": 0.3375633160273234,
    "th": 0.25,
    "el": 55.9
  },
  "A_erfm_s456": {
    "cfg": "A_erfm",
    "seed": 456,
    "cost": 421431.08738595527,
    "aocc": 0.9619812529237606,
    "rp": 3,
    "hits": 0,
    "tb": 993,
    "hr": 0.0,
    "ms": 0.3546813428401947,
    "th": 0.25,
    "el": 53.8
  },
  "B_erfm_sadgwn_s456": {
    "cfg": "B_erfm_sadgwn",
    "seed": 456,
    "cost": 432483.0082424311,
    "aocc": 0.9619812529237606,
    "rp": 3,
    "hits": 3,
    "tb": 993,
    "hr": 0.0030211480362537764,
    "ms": 0.3546813428401947,
    "th": 0.25,
    "el": 53.7
  },
  "C_erfm_2opt_s456": {
    "cfg": "C_erfm_2opt",
    "seed": 456,
    "cost": 259705.828918281,
    "aocc": 0.9619812529237606,
    "rp": 3,
    "hits": 0,
    "tb": 993,
    "hr": 0.0,
    "ms": 0.3546813428401947,
    "th": 0.25,
    "el": 55.9
  },
  "D_full_s456": {
    "cfg": "D_full",
    "seed": 456,
    "cost": 265244.50884515326,
    "aocc": 0.9619812529237606,
    "rp": 3,
    "hits": 3,
    "tb": 993,
    "hr": 0.0030211480362537764,
    "ms": 0.3546813428401947,
    "th": 0.25,
    "el": 55.6
  },
  "A_erfm_s789": {
    "cfg": "A_erfm",
    "seed": 789,
    "cost": 424492.5128162531,
    "aocc": 0.9600081706521443,
    "rp": 3,
    "hits": 0,
    "tb": 1113,
    "hr": 0.0,
    "ms": 0.3340550760428111,
    "th": 0.25,
    "el": 53.7
  },
  "B_erfm_sadgwn_s789": {
    "cfg": "B_erfm_sadgwn",
    "seed": 789,
    "cost": 425321.1627948908,
    "aocc": 0.9600081706521443,
    "rp": 3,
    "hits": 3,
    "tb": 1113,
    "hr": 0.0026954177897574125,
    "ms": 0.3340550760428111,
    "th": 0.25,
    "el": 53.9
  },
  "C_erfm_2opt_s789": {
    "cfg": "C_erfm_2opt",
    "seed": 789,
    "cost": 257635.17273789924,
    "aocc": 0.9600081706521443,
    "rp": 3,
    "hits": 0,
    "tb": 1113,
    "hr": 0.0,
    "ms": 0.3340550760428111,
    "th": 0.25,
    "el": 55.9
  },
  "D_full_s789": {
    "cfg": "D_full",
    "seed": 789,
    "cost": 253996.51803762,
    "aocc": 0.9600081706521443,
    "rp": 3,
    "hits": 3,
    "tb": 1113,
    "hr": 0.0026954177897574125,
    "ms": 0.3340550760428111,
    "th": 0.25,
    "el": 55.4
  },
  "A_erfm_s1024": {
    "cfg": "A_erfm",
    "seed": 1024,
    "cost": 420560.0640285639,
    "aocc": 0.9605806230345562,
    "rp": 3,
    "hits": 0,
    "tb": 1068,
    "hr": 0.0,
    "ms": 0.3410787582397461,
    "th": 0.25,
    "el": 53.7
  },
  "B_erfm_sadgwn_s1024": {
    "cfg": "B_erfm_sadgwn",
    "seed": 1024,
    "cost": 418710.0799282221,
    "aocc": 0.9605806230345562,
    "rp": 3,
    "hits": 3,
    "tb": 1068,
    "hr": 0.0028089887640449437,
    "ms": 0.3410787582397461,
    "th": 0.25,
    "el": 53.7
  },
  "C_erfm_2opt_s1024": {
    "cfg": "C_erfm_2opt",
    "seed": 1024,
    "cost": 258639.3329923777,
    "aocc": 0.9605806230345562,
    "rp": 3,
    "hits": 0,
    "tb": 1068,
    "hr": 0.0,
    "ms": 0.3410787582397461,
    "th": 0.25,
    "el": 55.7
  },
  "D_full_s1024": {
    "cfg": "D_full",
    "seed": 1024,
    "cost": 252633.46690160315,
    "aocc": 0.9605806230345562,
    "rp": 3,
    "hits": 3,
    "tb": 1068,
    "hr": 0.0028089887640449437,
    "ms": 0.3410787582397461,
    "th": 0.25,
    "el": 55.9
  }
}