{
  "full_real": {
    "name": "Full LE-DEGN (real)",
    "final_cost": 257049.36145405675,
    "init_transition": 61016.678716659546,
    "final_transition": 65129.678069114685,
    "aocc": 0.17211853758127973,
    "escape_count": 3,
    "replan_count": 0,
    "service_cost": 191919.68338494207
  },
  "erfm_lhh_real": {
    "name": "ERFM + LHH (real)",
    "final_cost": 254359.8756590357,
    "init_transition": 61016.678716659546,
    "final_transition": 62440.19227409363,
    "aocc": 0.9473310981864114,
    "escape_count": 3,
    "replan_count": 3,
    "service_cost": 191919.68338494207
  },
  "erfm_sadgwn_real": {
    "name": "ERFM + SA-DGWN (real)",
    "final_cost": 262278.3655891886,
    "init_transition": 61016.678716659546,
    "final_transition": 70358.68220424652,
    "aocc": 0.9473310981864114,
    "escape_count": 0,
    "replan_count": 3,
    "service_cost": 191919.68338494207
  },
  "erfm_only_real": {
    "name": "ERFM only (real)",
    "final_cost": 250851.89841179753,
    "init_transition": 61016.678716659546,
    "final_transition": 58932.21502685547,
    "aocc": 0.9411129864277625,
    "escape_count": 0,
    "replan_count": 0,
    "service_cost": 191919.68338494207
  }
}