{
  "full": {
    "name": "Full LE-DEGN",
    "final_cost": 25891.483100683752,
    "init_transition": 12613.90763092041,
    "final_transition": 11780.13092803955,
    "aocc": 0.6562493730882801,
    "escape_count": 3,
    "service_cost": 14111.352172644201
  },
  "erfm_only": {
    "name": "ERFM-only",
    "final_cost": 55549.584457190096,
    "init_transition": 41438.2322845459,
    "final_transition": 41438.2322845459,
    "aocc": 0,
    "escape_count": 0,
    "service_cost": 14111.352172644201
  },
  "erfm_lhh": {
    "name": "ERFM+LHH",
    "final_cost": 28247.244621069494,
    "init_transition": 68294.73023986816,
    "final_transition": 14135.892448425293,
    "aocc": 0.3995666753235679,
    "escape_count": 3,
    "service_cost": 14111.352172644201
  }
}