{
  "A_erfm_only_s42": {
    "config": "A_erfm_only",
    "seed": 42,
    "final_cost": 237490.88738350774,
    "aocc": 0.9107339843154703,
    "esc": 0,
    "replan": 3,
    "hits": 0,
    "total_blocked": 1272,
    "hit_ratio": 0.0,
    "mean_sigma": 0.2721756895383199,
    "used_thresh": 0.25,
    "val_mse": 0.00039764240527585484,
    "time_var": 0.004478042013943195,
    "match_rate": 73.48784624081401,
    "elapsed_s": 54.4
  },
  "B_erfm_sadgwn_s42": {
    "config": "B_erfm_sadgwn",
    "seed": 42,
    "final_cost": 237490.88738350774,
    "aocc": 0.9107339843154703,
    "esc": 0,
    "replan": 3,
    "hits": 3,
    "total_blocked": 1272,
    "hit_ratio": 0.0023584905660377358,
    "mean_sigma": 0.2721756895383199,
    "used_thresh": 0.25,
    "val_mse": 0.00039764240527585484,
    "time_var": 0.004478042013943195,
    "match_rate": 73.48784624081401,
    "elapsed_s": 55.5
  },
  "C_erfm_lhh_s42": {
    "config": "C_erfm_lhh",
    "seed": 42,
    "final_cost": 227030.84354500676,
    "aocc": 0.9303624047878664,
    "esc": 3,
    "replan": 3,
    "hits": 0,
    "total_blocked": 1272,
    "hit_ratio": 0.0,
    "mean_sigma": 0.2721756895383199,
    "used_thresh": 0.25,
    "val_mse": 0.00039764240527585484,
    "time_var": 0.004478042013943195,
    "match_rate": 73.48784624081401,
    "elapsed_s": 55.6
  },
  "D_full_s42": {
    "config": "D_full",
    "seed": 42,
    "final_cost": 227030.84354500676,
    "aocc": 0.9303624047878664,
    "esc": 3,
    "replan": 3,
    "hits": 3,
    "total_blocked": 1272,
    "hit_ratio": 0.0023584905660377358,
    "mean_sigma": 0.2721756895383199,
    "used_thresh": 0.25,
    "val_mse": 0.00039764240527585484,
    "time_var": 0.004478042013943195,
    "match_rate": 73.48784624081401,
    "elapsed_s": 54.7
  },
  "A_erfm_only_s123": {
    "config": "A_erfm_only",
    "seed": 123,
    "final_cost": 224156.12199978734,
    "aocc": 0.9229874518858504,
    "esc": 0,
    "replan": 3,
    "hits": 0,
    "total_blocked": 1281,
    "hit_ratio": 0.0,
    "mean_sigma": 0.26980526248613995,
    "used_thresh": 0.25,
    "val_mse": 0.00039764240527585484,
    "time_var": 0.004478042013943195,
    "match_rate": 73.48784624081401,
    "elapsed_s": 54.7
  },
  "B_erfm_sadgwn_s123": {
    "config": "B_erfm_sadgwn",
    "seed": 123,
    "final_cost": 224156.12199978734,
    "aocc": 0.9229310032258254,
    "esc": 0,
    "replan": 3,
    "hits": 3,
    "total_blocked": 1281,
    "hit_ratio": 0.00234192037470726,
    "mean_sigma": 0.26980526248613995,
    "used_thresh": 0.25,
    "val_mse": 0.00039764240527585484,
    "time_var": 0.004478042013943195,
    "match_rate": 73.48784624081401,
    "elapsed_s": 54.9
  },
  "C_erfm_lhh_s123": {
    "config": "C_erfm_lhh",
    "seed": 123,
    "final_cost": 219506.81879238988,
    "aocc": 0.9341618892045004,
    "esc": 3,
    "replan": 3,
    "hits": 0,
    "total_blocked": 1281,
    "hit_ratio": 0.0,
    "mean_sigma": 0.26980526248613995,
    "used_thresh": 0.25,
    "val_mse": 0.00039764240527585484,
    "time_var": 0.004478042013943195,
    "match_rate": 73.48784624081401,
    "elapsed_s": 54.8
  },
  "D_full_s123": {
    "config": "D_full",
    "seed": 123,
    "final_cost": 219506.81879238988,
    "aocc": 0.9340834867833786,
    "esc": 3,
    "replan": 3,
    "hits": 3,
    "total_blocked": 1281,
    "hit_ratio": 0.00234192037470726,
    "mean_sigma": 0.26980526248613995,
    "used_thresh": 0.25,
    "val_mse": 0.00039764240527585484,
    "time_var": 0.004478042013943195,
    "match_rate": 73.48784624081401,
    "elapsed_s": 53.8
  },
  "A_erfm_only_s456": {
    "config": "A_erfm_only",
    "seed": 456,
    "final_cost": 273456.03165821935,
    "aocc": 0.9619812529237606,
    "esc": 0,
    "replan": 3,
    "hits": 0,
    "total_blocked": 1080,
    "hit_ratio": 0.0,
    "mean_sigma": 0.28348202506701153,
    "used_thresh": 0.25,
    "val_mse": 0.00039764240527585484,
    "time_var": 0.004478042013943195,
    "match_rate": 73.48784624081401,
    "elapsed_s": 55.1
  },
  "B_erfm_sadgwn_s456": {
    "config": "B_erfm_sadgwn",
    "seed": 456,
    "final_cost": 273456.03165821935,
    "aocc": 0.9619812529237606,
    "esc": 0,
    "replan": 3,
    "hits": 3,
    "total_blocked": 1080,
    "hit_ratio": 0.002777777777777778,
    "mean_sigma": 0.28348202506701153,
    "used_thresh": 0.25,
    "val_mse": 0.00039764240527585484,
    "time_var": 0.004478042013943195,
    "match_rate": 73.48784624081401,
    "elapsed_s": 54.7
  },
  "C_erfm_lhh_s456": {
    "config": "C_erfm_lhh",
    "seed": 456,
    "final_cost": 264998.30335717107,
    "aocc": 0.9619812529237606,
    "esc": 3,
    "replan": 3,
    "hits": 0,
    "total_blocked": 1080,
    "hit_ratio": 0.0,
    "mean_sigma": 0.28348202506701153,
    "used_thresh": 0.25,
    "val_mse": 0.00039764240527585484,
    "time_var": 0.004478042013943195,
    "match_rate": 73.48784624081401,
    "elapsed_s": 56.1
  },
  "D_full_s456": {
    "config": "D_full",
    "seed": 456,
    "final_cost": 264998.30335717107,
    "aocc": 0.9619812529237606,
    "esc": 3,
    "replan": 3,
    "hits": 3,
    "total_blocked": 1080,
    "hit_ratio": 0.002777777777777778,
    "mean_sigma": 0.28348202506701153,
    "used_thresh": 0.25,
    "val_mse": 0.00039764240527585484,
    "time_var": 0.004478042013943195,
    "match_rate": 73.48784624081401,
    "elapsed_s": 56.3
  },
  "A_erfm_only_s789": {
    "config": "A_erfm_only",
    "seed": 789,
    "final_cost": 234956.78469471837,
    "aocc": 0.9265250077145147,
    "esc": 0,
    "replan": 3,
    "hits": 0,
    "total_blocked": 1263,
    "hit_ratio": 0.0,
    "mean_sigma": 0.27506953477859497,
    "used_thresh": 0.25,
    "val_mse": 0.00039764240527585484,
    "time_var": 0.004478042013943195,
    "match_rate": 73.48784624081401,
    "elapsed_s": 54.5
  },
  "B_erfm_sadgwn_s789": {
    "config": "B_erfm_sadgwn",
    "seed": 789,
    "final_cost": 234956.78469471837,
    "aocc": 0.9265465292834199,
    "esc": 0,
    "replan": 3,
    "hits": 3,
    "total_blocked": 1263,
    "hit_ratio": 0.0023752969121140144,
    "mean_sigma": 0.27506953477859497,
    "used_thresh": 0.25,
    "val_mse": 0.00039764240527585484,
    "time_var": 0.004478042013943195,
    "match_rate": 73.48784624081401,
    "elapsed_s": 54.0
  },
  "C_erfm_lhh_s789": {
    "config": "C_erfm_lhh",
    "seed": 789,
    "final_cost": 234502.23639206792,
    "aocc": 0.9285184652259966,
    "esc": 3,
    "replan": 3,
    "hits": 0,
    "total_blocked": 1263,
    "hit_ratio": 0.0,
    "mean_sigma": 0.27506953477859497,
    "used_thresh": 0.25,
    "val_mse": 0.00039764240527585484,
    "time_var": 0.004478042013943195,
    "match_rate": 73.48784624081401,
    "elapsed_s": 54.1
  },
  "D_full_s789": {
    "config": "D_full",
    "seed": 789,
    "final_cost": 234502.23639206792,
    "aocc": 0.9285063547844847,
    "esc": 3,
    "replan": 3,
    "hits": 3,
    "total_blocked": 1263,
    "hit_ratio": 0.0023752969121140144,
    "mean_sigma": 0.27506953477859497,
    "used_thresh": 0.25,
    "val_mse": 0.00039764240527585484,
    "time_var": 0.004478042013943195,
    "match_rate": 73.48784624081401,
    "elapsed_s": 54.3
  },
  "A_erfm_only_s1024": {
    "config": "A_erfm_only",
    "seed": 1024,
    "final_cost": 258125.60292344,
    "aocc": 0.9423131068798366,
    "esc": 0,
    "replan": 3,
    "hits": 0,
    "total_blocked": 1242,
    "hit_ratio": 0.0,
    "mean_sigma": 0.27903031309445697,
    "used_thresh": 0.25,
    "val_mse": 0.00039764240527585484,
    "time_var": 0.004478042013943195,
    "match_rate": 73.48784624081401,
    "elapsed_s": 54.7
  },
  "B_erfm_sadgwn_s1024": {
    "config": "B_erfm_sadgwn",
    "seed": 1024,
    "final_cost": 258125.60292344,
    "aocc": 0.9423131068798366,
    "esc": 0,
    "replan": 3,
    "hits": 3,
    "total_blocked": 1242,
    "hit_ratio": 0.0024154589371980675,
    "mean_sigma": 0.27903031309445697,
    "used_thresh": 0.25,
    "val_mse": 0.00039764240527585484,
    "time_var": 0.004478042013943195,