{
  "S_500m_A_erfm_s42": {
    "scale": "S_500m",
    "cfg": "A_erfm",
    "seed": 42,
    "cost": 144349.86430865247,
    "aocc": 0.9597926146421363,
    "rp": 3,
    "nodes": 107,
    "lid_count": 207,
    "init_trans": 18029.116849899292,
    "el": 4.1
  },
  "S_500m_B_sadgwn_s42": {
    "scale": "S_500m",
    "cfg": "B_sadgwn",
    "seed": 42,
    "cost": 144349.86430865247,
    "aocc": 0.9597926146421363,
    "rp": 3,
    "nodes": 107,
    "lid_count": 207,
    "init_trans": 18029.116849899292,
    "el": 4.1
  },
  "S_500m_A_erfm_s123": {
    "scale": "S_500m",
    "cfg": "A_erfm",
    "seed": 123,
    "cost": 146161.84413653333,
    "aocc": 0.9618724764953298,
    "rp": 3,
    "nodes": 107,
    "lid_count": 207,
    "init_trans": 17096.5003156662,
    "el": 3.9
  },
  "S_500m_B_sadgwn_s123": {
    "scale": "S_500m",
    "cfg": "B_sadgwn",
    "seed": 123,
    "cost": 146161.84413653333,
    "aocc": 0.9618724764953298,
    "rp": 3,
    "nodes": 107,
    "lid_count": 207,
    "init_trans": 17096.5003156662,
    "el": 4.0
  },
  "S_500m_A_erfm_s456": {
    "scale": "S_500m",
    "cfg": "A_erfm",
    "seed": 456,
    "cost": 125637.18801623302,
    "aocc": 0.9573683047145634,
    "rp": 3,
    "nodes": 107,
    "lid_count": 207,
    "init_trans": 19116.184973716736,
    "el": 3.6
  },
  "S_500m_B_sadgwn_s456": {
    "scale": "S_500m",
    "cfg": "B_sadgwn",
    "seed": 456,
    "cost": 125637.18801623302,
    "aocc": 0.9573683047145634,
    "rp": 3,
    "nodes": 107,
    "lid_count": 207,
    "init_trans": 19116.184973716736,
    "el": 3.8
  },
  "M_1200m_A_erfm_s42": {
    "scale": "M_1200m",
    "cfg": "A_erfm",
    "seed": 42,
    "cost": 440621.2713194361,
    "aocc": 0.9471784594925875,
    "rp": 3,
    "nodes": 598,
    "lid_count": 1324,
    "init_trans": 61016.678716659546,
    "el": 25.6
  },
  "M_1200m_B_sadgwn_s42": {
    "scale": "M_1200m",
    "cfg": "B_sadgwn",
    "seed": 42,
    "cost": 440621.2713194361,
    "aocc": 0.9471784594925875,
    "rp": 3,
    "nodes": 598,
    "lid_count": 1324,
    "init_trans": 61016.678716659546,
    "el": 26.7
  },
  "M_1200m_A_erfm_s123": {
    "scale": "M_1200m",
    "cfg": "A_erfm",
    "seed": 123,
    "cost": 442775.59241967107,
    "aocc": 0.9535253121744639,
    "rp": 3,
    "nodes": 598,
    "lid_count": 1324,
    "init_trans": 53685.12671661377,
    "el": 26.7
  },
  "M_1200m_B_sadgwn_s123": {
    "scale": "M_1200m",
    "cfg": "B_sadgwn",
    "seed": 123,
    "cost": 442775.59241967107,
    "aocc": 0.9535253121744639,
    "rp": 3,
    "nodes": 598,
    "lid_count": 1324,
    "init_trans": 53685.12671661377,
    "el": 26.8
  },
  "M_1200m_A_erfm_s456": {
    "scale": "M_1200m",
    "cfg": "A_erfm",
    "seed": 456,
    "cost": 434829.8281450739,
    "aocc": 0.9534232736048011,
    "rp": 3,
    "nodes": 598,
    "lid_count": 1324,
    "init_trans": 53802.996331214905,
    "el": 26.7
  },
  "M_1200m_B_sadgwn_s456": {
    "scale": "M_1200m",
    "cfg": "B_sadgwn",
    "seed": 456,
    "cost": 434829.8281450739,
    "aocc": 0.9534232736048011,
    "rp": 3,
    "nodes": 598,
    "lid_count": 1324,
    "init_trans": 53802.996331214905,
    "el": 26.8
  },
  "L_2500m_A_erfm_s42": {
    "scale": "L_2500m",
    "cfg": "A_erfm",
    "seed": 42,
    "cost": 1157557.9994817725,
    "aocc": 0.9555195960298344,
    "rp": 2,
    "nodes": 1742,
    "lid_count": 3976,
    "init_trans": 106747.38167762756,
    "el": 210.5
  },
  "L_2500m_B_sadgwn_s42": {
    "scale": "L_2500m",
    "cfg": "B_sadgwn",
    "seed": 42,
    "cost": 1157557.9994817725,
    "aocc": 0.9555195960298344,
    "rp": 2,
    "nodes": 1742,
    "lid_count": 3976,
    "init_trans": 106747.38167762756,
    "el": 221.2
  },
  "L_2500m_A_erfm_s123": {
    "scale": "L_2500m",
    "cfg": "A_erfm",
    "seed": 123,
    "cost": 1121670.7156530372,
    "aocc": 0.9502797657524836,
    "rp": 3,
    "nodes": 1742,
    "lid_count": 3976,
    "init_trans": 119322.31608963013,
    "el": 238.3
  },
  "L_2500m_B_sadgwn_s123": {
    "scale": "L_2500m",
    "cfg": "B_sadgwn",
    "seed": 123,
    "cost": 1121670.7156530372,
    "aocc": 0.9502797657524836,
    "rp": 3,
    "nodes": 1742,
    "lid_count": 3976,
    "init_trans": 119322.31608963013,
    "el": 205.0
  },
  "L_2500m_A_erfm_s456": {
    "scale": "L_2500m",
    "cfg": "A_erfm",
    "seed": 456,
    "cost": 1092376.8745580665,
    "aocc": 0.9550830005229575,
    "rp": 2,
    "nodes": 1742,
    "lid_count": 3976,
    "init_trans": 107795.15604686737,
    "el": 209.2
  },
  "L_2500m_B_sadgwn_s456": {
    "scale": "L_2500m",
    "cfg": "B_sadgwn",
    "seed": 456,
    "cost": 1092376.8745580665,
    "aocc": 0.9550830005229575,
    "rp": 2,
    "nodes": 1742,
    "lid_count": 3976,
    "init_trans": 107795.15604686737,
    "el": 206.1
  }
}