{
  "A_erfm_only_s42": {
    "cfg": "A_erfm_only",
    "seed": 42,
    "cost": 274205.76880364324,
    "aocc": 0.9605741764059984,
    "esc": 0,
    "rp": 3,
    "hits": 0,
    "tb": 1173,
    "hr": 0.0,
    "ms": 0.32409223914146423,
    "th": 0.25,
    "mse": 0.0003989513440468987,
    "tv": 0.004478042013943195,
    "el": 64.7
  },
  "B_erfm_sadgwn_s42": {
    "cfg": "B_erfm_sadgwn",
    "seed": 42,
    "cost": 271604.740933465,
    "aocc": 0.9605741764059984,
    "esc": 0,
    "rp": 3,
    "hits": 3,
    "tb": 1173,
    "hr": 0.0025575447570332483,
    "ms": 0.32409223914146423,
    "th": 0.25,
    "mse": 0.0003989513440468987,
    "tv": 0.004478042013943195,
    "el": 67.8
  },
  "A_erfm_only_s123": {
    "cfg": "A_erfm_only",
    "seed": 123,
    "cost": 265433.7107906809,
    "aocc": 0.957883644211778,
    "esc": 0,
    "rp": 3,
    "hits": 0,
    "tb": 1215,
    "hr": 0.0,
    "ms": 0.32575762271881104,
    "th": 0.25,
    "mse": 0.0003989513440468987,
    "tv": 0.004478042013943195,
    "el": 57.8
  },
  "B_erfm_sadgwn_s123": {
    "cfg": "B_erfm_sadgwn",
    "seed": 123,
    "cost": 277315.4144049158,
    "aocc": 0.957883644211778,
    "esc": 0,
    "rp": 3,
    "hits": 3,
    "tb": 1215,
    "hr": 0.0024691358024691358,
    "ms": 0.32575762271881104,
    "th": 0.25,
    "mse": 0.0003989513440468987,
    "tv": 0.004478042013943195,
    "el": 58.4
  },
  "A_erfm_only_s456": {
    "cfg": "A_erfm_only",
    "seed": 456,
    "cost": 268121.4713621607,
    "aocc": 0.9619812529237606,
    "esc": 0,
    "rp": 3,
    "hits": 0,
    "tb": 1068,
    "hr": 0.0,
    "ms": 0.330436646938324,
    "th": 0.25,
    "mse": 0.0003989513440468987,
    "tv": 0.004478042013943195,
    "el": 58.3
  },
  "B_erfm_sadgwn_s456": {
    "cfg": "B_erfm_sadgwn",
    "seed": 456,
    "cost": 260662.49600891973,
    "aocc": 0.9619812529237606,
    "esc": 0,
    "rp": 3,
    "hits": 3,
    "tb": 1068,
    "hr": 0.0028089887640449437,
    "ms": 0.330436646938324,
    "th": 0.25,
    "mse": 0.0003989513440468987,
    "tv": 0.004478042013943195,
    "el": 58.5
  },
  "A_erfm_only_s789": {
    "cfg": "A_erfm_only",
    "seed": 789,
    "cost": 262300.7183809748,
    "aocc": 0.9505255719407851,
    "esc": 0,
    "rp": 3,
    "hits": 0,
    "tb": 1227,
    "hr": 0.0,
    "ms": 0.32506752014160156,
    "th": 0.25,
    "mse": 0.0003989513440468987,
    "tv": 0.004478042013943195,
    "el": 57.7
  },
  "B_erfm_sadgwn_s789": {
    "cfg": "B_erfm_sadgwn",
    "seed": 789,
    "cost": 263838.6444845667,
    "aocc": 0.9505255719407851,
    "esc": 0,
    "rp": 3,
    "hits": 3,
    "tb": 1227,
    "hr": 0.0024449877750611247,
    "ms": 0.32506752014160156,
    "th": 0.25,
    "mse": 0.0003989513440468987,
    "tv": 0.004478042013943195,
    "el": 57.8
  },
  "A_erfm_only_s1024": {
    "cfg": "A_erfm_only",
    "seed": 1024,
    "cost": 266270.88519673253,
    "aocc": 0.9605806230345562,
    "esc": 0,
    "rp": 3,
    "hits": 0,
    "tb": 1137,
    "hr": 0.0,
    "ms": 0.34540748596191406,
    "th": 0.25,
    "mse": 0.0003989513440468987,
    "tv": 0.004478042013943195,
    "el": 59.0
  },
  "B_erfm_sadgwn_s1024": {
    "cfg": "B_erfm_sadgwn",
    "seed": 1024,
    "cost": 262533.2309942713,
    "aocc": 0.9605806230345562,
    "esc": 0,
    "rp": 3,
    "hits": 3,
    "tb": 1137,
    "hr": 0.002638522427440633,
    "ms": 0.34540748596191406,
    "th": 0.25,
    "mse": 0.0003989513440468987,
    "tv": 0.004478042013943195,
    "el": 57.4
  }
}