{
  "A_erfm_only_s42": {
    "config": "A_erfm_only",
    "seed": 42,
    "final_cost": 257539.6959486475,
    "aocc": 0.9471784594925875,
    "final_transition": 65620.01256370544,
    "init_transition": 61016.678716659546,
    "service_cost": 191919.68338494207,
    "escape_count": 0,
    "replan_count": 3,
    "elapsed_s": 82.1
  },
  "B_erfm_sadgwn_s42": {
    "config": "B_erfm_sadgwn",
    "seed": 42,
    "final_cost": 251644.44978909398,
    "aocc": 0.9479904148593217,
    "final_transition": 59724.76640415192,
    "init_transition": 61016.678716659546,
    "service_cost": 191919.68338494207,
    "escape_count": 0,
    "replan_count": 3,
    "elapsed_s": 63.5
  },
  "C_erfm_lhh_s42": {
    "config": "C_erfm_lhh",
    "seed": 42,
    "final_cost": 254174.6911402216,
    "aocc": 0.9471784594925875,
    "final_transition": 62255.00775527954,
    "init_transition": 61016.678716659546,
    "service_cost": 191919.68338494207,
    "escape_count": 3,
    "replan_count": 3,
    "elapsed_s": 62.6
  },
  "D_full_s42": {
    "config": "D_full",
    "seed": 42,
    "final_cost": 253705.51439671422,
    "aocc": 0.9471784594925875,
    "final_transition": 61785.831011772156,
    "init_transition": 61016.678716659546,
    "service_cost": 191919.68338494207,
    "escape_count": 3,
    "replan_count": 3,
    "elapsed_s": 65.2
  },
  "A_erfm_only_s123": {
    "config": "A_erfm_only",
    "seed": 123,
    "final_cost": 263099.82940440084,
    "aocc": 0.9535253121744639,
    "final_transition": 71180.14601945877,
    "init_transition": 53685.12671661377,
    "service_cost": 191919.68338494207,
    "escape_count": 0,
    "replan_count": 3,
    "elapsed_s": 59.6
  },
  "B_erfm_sadgwn_s123": {
    "config": "B_erfm_sadgwn",
    "seed": 123,
    "final_cost": 271287.54020838643,
    "aocc": 0.9535253121744639,
    "final_transition": 79367.85682344437,
    "init_transition": 53685.12671661377,
    "service_cost": 191919.68338494207,
    "escape_count": 0,
    "replan_count": 3,
    "elapsed_s": 65.1
  },
  "C_erfm_lhh_s123": {
    "config": "C_erfm_lhh",
    "seed": 123,
    "final_cost": 264839.4165926447,
    "aocc": 0.9535253121744639,
    "final_transition": 72919.73320770264,
    "init_transition": 53685.12671661377,
    "service_cost": 191919.68338494207,
    "escape_count": 3,
    "replan_count": 3,
    "elapsed_s": 64.9
  },
  "D_full_s123": {
    "config": "D_full",
    "seed": 123,
    "final_cost": 267730.5955591669,
    "aocc": 0.9535253121744639,
    "final_transition": 75810.91217422485,
    "init_transition": 53685.12671661377,
    "service_cost": 191919.68338494207,
    "escape_count": 3,
    "replan_count": 3,
    "elapsed_s": 59.5
  },
  "A_erfm_only_s456": {
    "config": "A_erfm_only",
    "seed": 456,
    "final_cost": 259592.23999886418,
    "aocc": 0.9534232736048011,
    "final_transition": 67672.55661392212,
    "init_transition": 53802.996331214905,
    "service_cost": 191919.68338494207,
    "escape_count": 0,
    "replan_count": 3,
    "elapsed_s": 59.6
  },
  "B_erfm_sadgwn_s456": {
    "config": "B_erfm_sadgwn",
    "seed": 456,
    "final_cost": 254271.03912072087,
    "aocc": 0.9534232736048011,
    "final_transition": 62351.35573577881,
    "init_transition": 53802.996331214905,
    "service_cost": 191919.68338494207,
    "escape_count": 0,
    "replan_count": 3,
    "elapsed_s": 65.4
  },
  "C_erfm_lhh_s456": {
    "config": "C_erfm_lhh",
    "seed": 456,
    "final_cost": 264404.2763281336,
    "aocc": 0.9534232736048011,
    "final_transition": 72484.59294319153,
    "init_transition": 53802.996331214905,
    "service_cost": 191919.68338494207,
    "escape_count": 3,
    "replan_count": 3,
    "elapsed_s": 59.0
  },
  "D_full_s456": {
    "config": "D_full",
    "seed": 456,
    "final_cost": 254271.03912072087,
    "aocc": 0.9534232736048011,
    "final_transition": 62351.35573577881,
    "init_transition": 53802.996331214905,
    "service_cost": 191919.68338494207,
    "escape_count": 3,
    "replan_count": 3,
    "elapsed_s": 65.5
  },
  "A_erfm_only_s789": {
    "config": "A_erfm_only",
    "seed": 789,
    "final_cost": 251689.07718281652,
    "aocc": 0.9589783947700394,
    "final_transition": 59769.39379787445,
    "init_transition": 47386.01113700867,
    "service_cost": 191919.68338494207,
    "escape_count": 0,
    "replan_count": 2,
    "elapsed_s": 59.7
  },
  "B_erfm_sadgwn_s789": {
    "config": "B_erfm_sadgwn",
    "seed": 789,
    "final_cost": 257554.17329029943,
    "aocc": 0.9589783947700394,
    "final_transition": 65634.48990535736,
    "init_transition": 47386.01113700867,
    "service_cost": 191919.68338494207,
    "escape_count": 0,
    "replan_count": 2,
    "elapsed_s": 59.1
  },
  "C_erfm_lhh_s789": {
    "config": "C_erfm_lhh",
    "seed": 789,
    "final_cost": 255577.73330979253,
    "aocc": 0.9589783947700394,
    "final_transition": 63658.049924850464,
    "init_transition": 47386.01113700867,
    "service_cost": 191919.68338494207,
    "escape_count": 2,
    "replan_count": 2,
    "elapsed_s": 59.4
  },
  "D_full_s789": {
    "config": "D_full",
    "seed": 789,
    "final_cost": 257554.17329029943,
    "aocc": 0.9589783947700394,
    "final_transition": 65634.48990535736,
    "init_transition": 47386.01113700867,
    "service_cost": 191919.68338494207,
    "escape_count": 2,
    "replan_count": 2,
    "elapsed_s": 60.1
  },
  "A_erfm_only_s1024": {
    "config": "A_erfm_only",
    "seed": 1024,
    "final_cost": 260326.35901455785,
    "aocc": 0.9510744382610626,
    "final_transition": 68406.67562961578,
    "init_transition": 56516.24797344208,
    "service_cost": 191919.68338494207,
    "escape_count": 0,
    "replan_count": 3,
    "elapsed_s": 59.7
  },
  "B_erfm_sadgwn_s1024": {
    "config": "B_erfm_sadgwn",
    "seed": 1024,
    "final_cost": 250730.51120428945,
    "aocc": 0.9510744382610626,
    "final_transition": 58810.82781934738,
    "init_transition": 56516.24797344208,
    "service_cost": 191919.68338494207,
    "escape_count": 0,
    "replan_count": 3,
    "elapsed_s": 59.1
  },
  "C_erfm_lhh_s1024": {
    "config": "C_erfm_lhh",
    "seed": 1024,
    "final_cost": 246811.24434761907,
    "aocc": 0.9520336546308021,
    "final_transition": 54891.560962677,
    "init_transition": 56516.24797344208,
    "service_cost": 191919.68338494207,
    "escape_count": 3,
    "replan_count": 3,
    "elapsed_s": 67.7
  },
  "D_full_s1024": {
    "config": "D_full",
    "seed": 1024,
    "final_cost": 250730.51120428945,
    "aocc": 0.9510744382610626,
    "final_transition": 58810.82781934738,
    "init_transition": 56516.24797344208,
    "service_cost": 191919.68338494207,
    "escape_count": 3,
    "replan_count": 3,
    "elapsed_s": 57.3
  }
}