{
  "A_erfm_only_s42": {
    "config": "A_erfm_only",
    "seed": 42,
    "final_cost": 251411.00673944037,
    "aocc": 0.9484537398693144,
    "final_transition": 59422.37445449829,
    "init_transition": 61016.678716659546,
    "service_cost": 191988.63228494208,
    "escape_count": 0,
    "replan_count": 3,
    "edge_hits": 0,
    "total_blocked": 180,
    "hit_ratio": 0.0,
    "elapsed_s": 66.3
  },
  "B_erfm_sadgwn_s42": {
    "config": "B_erfm_sadgwn",
    "seed": 42,
    "final_cost": 244311.49398309272,
    "aocc": 0.9541476763849569,
    "final_transition": 52322.861698150635,
    "init_transition": 61016.678716659546,
    "service_cost": 191988.63228494208,
    "escape_count": 0,
    "replan_count": 3,
    "edge_hits": 3,
    "total_blocked": 180,
    "hit_ratio": 0.016666666666666666,
    "elapsed_s": 52.2
  },
  "C_erfm_lhh_s42": {
    "config": "C_erfm_lhh",
    "seed": 42,
    "final_cost": 257689.50982553046,
    "aocc": 0.9471784594925875,
    "final_transition": 65700.87754058838,
    "init_transition": 61016.678716659546,
    "service_cost": 191988.63228494208,
    "escape_count": 3,
    "replan_count": 3,
    "edge_hits": 0,
    "total_blocked": 180,
    "hit_ratio": 0.0,
    "elapsed_s": 53.0
  },
  "D_full_s42": {
    "config": "D_full",
    "seed": 42,
    "final_cost": 256681.5441148905,
    "aocc": 0.9471784594925875,
    "final_transition": 64692.911829948425,
    "init_transition": 61016.678716659546,
    "service_cost": 191988.63228494208,
    "escape_count": 3,
    "replan_count": 3,
    "edge_hits": 3,
    "total_blocked": 180,
    "hit_ratio": 0.016666666666666666,
    "elapsed_s": 51.3
  },
  "A_erfm_only_s123": {
    "config": "A_erfm_only",
    "seed": 123,
    "final_cost": 241166.6351879267,
    "aocc": 0.9571851751489656,
    "final_transition": 49178.00290298462,
    "init_transition": 53685.12671661377,
    "service_cost": 191988.63228494208,
    "escape_count": 0,
    "replan_count": 3,
    "edge_hits": 0,
    "total_blocked": 180,
    "hit_ratio": 0.0,
    "elapsed_s": 51.9
  },
  "B_erfm_sadgwn_s123": {
    "config": "B_erfm_sadgwn",
    "seed": 123,
    "final_cost": 256003.26401406806,
    "aocc": 0.9535253121744639,
    "final_transition": 64014.63172912598,
    "init_transition": 53685.12671661377,
    "service_cost": 191988.63228494208,
    "escape_count": 0,
    "replan_count": 3,
    "edge_hits": 3,
    "total_blocked": 180,
    "hit_ratio": 0.016666666666666666,
    "elapsed_s": 51.2
  },
  "C_erfm_lhh_s123": {
    "config": "C_erfm_lhh",
    "seed": 123,
    "final_cost": 252958.87605458777,
    "aocc": 0.9535253121744639,
    "final_transition": 60970.24376964569,
    "init_transition": 53685.12671661377,
    "service_cost": 191988.63228494208,
    "escape_count": 3,
    "replan_count": 3,
    "edge_hits": 0,
    "total_blocked": 180,
    "hit_ratio": 0.0,
    "elapsed_s": 50.4
  },
  "D_full_s123": {
    "config": "D_full",
    "seed": 123,
    "final_cost": 257644.36636191886,
    "aocc": 0.9535253121744639,
    "final_transition": 65655.73407697678,
    "init_transition": 53685.12671661377,
    "service_cost": 191988.63228494208,
    "escape_count": 3,
    "replan_count": 3,
    "edge_hits": 3,
    "total_blocked": 180,
    "hit_ratio": 0.016666666666666666,
    "elapsed_s": 51.8
  },
  "A_erfm_only_s456": {
    "config": "A_erfm_only",
    "seed": 456,
    "final_cost": 255896.1822322039,
    "aocc": 0.9534232736048011,
    "final_transition": 63907.54994726181,
    "init_transition": 53802.996331214905,
    "service_cost": 191988.63228494208,
    "escape_count": 0,
    "replan_count": 2,
    "edge_hits": 0,
    "total_blocked": 180,
    "hit_ratio": 0.0,
    "elapsed_s": 52.5
  },
  "B_erfm_sadgwn_s456": {
    "config": "B_erfm_sadgwn",
    "seed": 456,
    "final_cost": 262072.73838597815,
    "aocc": 0.9534232736048011,
    "final_transition": 70084.10610103607,
    "init_transition": 53802.996331214905,
    "service_cost": 191988.63228494208,
    "escape_count": 0,
    "replan_count": 2,
    "edge_hits": 2,
    "total_blocked": 180,
    "hit_ratio": 0.011111111111111112,
    "elapsed_s": 51.2
  },
  "C_erfm_lhh_s456": {
    "config": "C_erfm_lhh",
    "seed": 456,
    "final_cost": 255896.1822322039,
    "aocc": 0.9534232736048011,
    "final_transition": 63907.54994726181,
    "init_transition": 53802.996331214905,
    "service_cost": 191988.63228494208,
    "escape_count": 2,
    "replan_count": 2,
    "edge_hits": 0,
    "total_blocked": 180,
    "hit_ratio": 0.0,
    "elapsed_s": 51.9
  },
  "D_full_s456": {
    "config": "D_full",
    "seed": 456,
    "final_cost": 262072.73838597815,
    "aocc": 0.9534232736048011,
    "final_transition": 70084.10610103607,
    "init_transition": 53802.996331214905,
    "service_cost": 191988.63228494208,
    "escape_count": 2,
    "replan_count": 2,
    "edge_hits": 2,
    "total_blocked": 180,
    "hit_ratio": 0.011111111111111112,
    "elapsed_s": 51.9
  },
  "A_erfm_only_s789": {
    "config": "A_erfm_only",
    "seed": 789,
    "final_cost": 251695.39388734382,
    "aocc": 0.9589783947700394,
    "final_transition": 59706.76160240173,
    "init_transition": 47386.01113700867,
    "service_cost": 191988.63228494208,
    "escape_count": 0,
    "replan_count": 3,
    "edge_hits": 0,
    "total_blocked": 180,
    "hit_ratio": 0.0,
    "elapsed_s": 52.4
  },
  "B_erfm_sadgwn_s789": {
    "config": "B_erfm_sadgwn",
    "seed": 789,
    "final_cost": 252359.58185655158,
    "aocc": 0.9589783947700394,
    "final_transition": 60370.9495716095,
    "init_transition": 47386.01113700867,
    "service_cost": 191988.63228494208,
    "escape_count": 0,
    "replan_count": 3,
    "edge_hits": 3,
    "total_blocked": 180,
    "hit_ratio": 0.016666666666666666,
    "elapsed_s": 52.0
  },
  "C_erfm_lhh_s789": {
    "config": "C_erfm_lhh",
    "seed": 789,
    "final_cost": 255188.5762413172,
    "aocc": 0.9589783947700394,
    "final_transition": 63199.94395637512,
    "init_transition": 47386.01113700867,
    "service_cost": 191988.63228494208,
    "escape_count": 3,
    "replan_count": 3,
    "edge_hits": 0,
    "total_blocked": 180,
    "hit_ratio": 0.0,
    "elapsed_s": 51.1
  },
  "D_full_s789": {
    "config": "D_full",
    "seed": 789,
    "final_cost": 255155.9836013941,
    "aocc": 0.9589783947700394,
    "final_transition": 63167.35131645203,
    "init_transition": 47386.01113700867,
    "service_cost": 191988.63228494208,
    "escape_count": 3,
    "replan_count": 3,
    "edge_hits": 3,
    "total_blocked": 180,
    "hit_ratio": 0.016666666666666666,
    "elapsed_s": 53.1
  },
  "A_erfm_only_s1024": {
    "config": "A_erfm_only",
    "seed": 1024,
    "final_cost": 248863.48837548774,
    "aocc": 0.9510744382610626,
    "final_transition": 56874.856090545654,
    "init_transition": 56516.24797344208,
    "service_cost": 191988.63228494208,
    "escape_count": 0,
    "replan_count": 3,
    "edge_hits": 0,
    "total_blocked": 180,
    "hit_ratio": 0.0,
    "elapsed_s": 54.4
  },
  "B_erfm_sadgwn_s1024": {
    "config": "B_erfm_sadgwn",
    "seed": 1024,
    "final_cost": 249229.26591569465,
    "aocc": 0.9510744382610626,
    "final_transition": 57240.63363075256,
    "init_transition": 56516.24797344208,
    "service_cost": 191988.63228494208,
    "escape_count": 0,
    "replan_count": 3,
    "edge_hits": 3,
    "total_blocked": 180,
    "hit_ratio": 0.016666666666666666,
    "elapsed_s": 56.0
  },
  "C_erfm_lhh_s1024": {
    "config": "C_erfm_lhh",
    "seed": 1024,
    "final_cost": 248863.48837548774,
    "aocc": 0.9510744382610626,
    "final_transition": 56874.856090545654,
    "init_transition": 56516.24797344208,
    "service_cost": 191988.63228494208,
    "escape_count": 3,
    "replan_count": 3,
    "edge_hits": 0,
    "total_blocked": 180,
    "hit_ratio": 0.0,
    "elapsed_s": 53.8
  },
  "D_full_s1024": {
    "config": "D_full",
    "seed": 1024,
    "final_cost": 249229.26591569465,
    "aocc": 0.9510744382610626,