{
  "A_erfm_only_s42": {
    "cfg": "A_erfm_only",
    "seed": 42,
    "cost": 237531.280005279,
    "aocc": 0.9605741764059984,
    "rp": 0,
    "el": 61.4
  },
  "B_binary_old_s42": {
    "cfg": "B_binary_old",
    "seed": 42,
    "cost": 386714.21062356513,
    "aocc": 0.9474322352079979,
    "rp": 3,
    "el": 55.6
  },
  "C_continuous_s42": {
    "cfg": "C_continuous",
    "seed": 42,
    "cost": 341925.0267894892,
    "aocc": 0.9605741764059984,
    "rp": 3,
    "el": 55.8
  },
  "D_cont_2opt_s42": {
    "cfg": "D_cont_2opt",
    "seed": 42,
    "cost": 328784.04558068793,
    "aocc": 0.9605741764059984,
    "rp": 3,
    "el": 55.3
  },
  "A_erfm_only_s123": {
    "cfg": "A_erfm_only",
    "seed": 123,
    "cost": 236179.60274297278,
    "aocc": 0.9617443101590205,
    "rp": 0,
    "el": 55.3
  },
  "B_binary_old_s123": {
    "cfg": "B_binary_old",
    "seed": 123,
    "cost": 399172.927359405,
    "aocc": 0.9617443101590205,
    "rp": 3,
    "el": 56.0
  },
  "C_continuous_s123": {
    "cfg": "C_continuous",
    "seed": 123,
    "cost": 342363.31055146735,
    "aocc": 0.9617443101590205,
    "rp": 3,
    "el": 55.6
  },
  "D_cont_2opt_s123": {
    "cfg": "D_cont_2opt",
    "seed": 123,
    "cost": 314779.3457573084,
    "aocc": 0.9617443101590205,
    "rp": 3,
    "el": 55.8
  },
  "A_erfm_only_s456": {
    "cfg": "A_erfm_only",
    "seed": 456,
    "cost": 235905.8988636164,
    "aocc": 0.9619812529237606,
    "rp": 0,
    "el": 54.9
  },
  "B_binary_old_s456": {
    "cfg": "B_binary_old",
    "seed": 456,
    "cost": 431881.8550441889,
    "aocc": 0.9619812529237606,
    "rp": 3,
    "el": 55.8
  },
  "C_continuous_s456": {
    "cfg": "C_continuous",
    "seed": 456,
    "cost": 311558.1316755442,
    "aocc": 0.9619812529237606,
    "rp": 3,
    "el": 55.0
  },
  "D_cont_2opt_s456": {
    "cfg": "D_cont_2opt",
    "seed": 456,
    "cost": 298173.2090681223,
    "aocc": 0.9619812529237606,
    "rp": 3,
    "el": 55.5
  },
  "A_erfm_only_s789": {
    "cfg": "A_erfm_only",
    "seed": 789,
    "cost": 238185.1002252726,
    "aocc": 0.9600081706521443,
    "rp": 0,
    "el": 54.5
  },
  "B_binary_old_s789": {
    "cfg": "B_binary_old",
    "seed": 789,
    "cost": 427897.218916717,
    "aocc": 0.9600081706521443,
    "rp": 3,
    "el": 55.1
  },
  "C_continuous_s789": {
    "cfg": "C_continuous",
    "seed": 789,
    "cost": 334847.4668415217,
    "aocc": 0.9600081706521443,
    "rp": 3,
    "el": 55.3
  },
  "D_cont_2opt_s789": {
    "cfg": "D_cont_2opt",
    "seed": 789,
    "cost": 313927.02265817206,
    "aocc": 0.9600081706521443,
    "rp": 3,
    "el": 55.4
  },
  "A_erfm_only_s1024": {
    "cfg": "A_erfm_only",
    "seed": 1024,
    "cost": 237523.83319741767,
    "aocc": 0.9605806230345562,
    "rp": 0,
    "el": 54.2
  },
  "B_binary_old_s1024": {
    "cfg": "B_binary_old",
    "seed": 1024,
    "cost": 409825.71756249946,
    "aocc": 0.9605806230345562,
    "rp": 3,
    "el": 54.6
  },
  "C_continuous_s1024": {
    "cfg": "C_continuous",
    "seed": 1024,
    "cost": 311764.42368108314,
    "aocc": 0.9605806230345562,
    "rp": 3,
    "el": 54.3
  },
  "D_cont_2opt_s1024": {
    "cfg": "D_cont_2opt",
    "seed": 1024,
    "cost": 300027.18789845984,
    "aocc": 0.9605806230345562,
    "rp": 3,
    "el": 54.8
  }
}