{
  "full": {
    "name": "Full LE-DEGN",
    "final_cost": 27598.527457983557,
    "init_transition": 69949.19551849365,
    "final_transition": 13487.175285339355,
    "aocc": 0.5387337727517003,
    "escape_count": 3,
    "service_cost": 14111.352172644201
  },
  "erfm_only": {
    "name": "ERFM-only",
    "final_cost": 70674.04637088712,
    "init_transition": 53567.31669616699,
    "final_transition": 53567.31669616699,
    "aocc": 0,
    "escape_count": 0,
    "service_cost": 17106.729674720133
  },
  "erfm_lhh": {
    "name": "ERFM+LHH",
    "final_cost": 33761.796770321824,
    "init_transition": 87475.8016090393,
    "final_transition": 19577.355667114258,
    "aocc": 0.2987325521357429,
    "escape_count": 3,
    "service_cost": 14184.441103207568
  }
}